<?xml version="1.0" encoding="UTF-8"?>
<project-private xmlns="http://www.netbeans.org/ns/project-private/1">
    <editor-bookmarks xmlns="http://www.netbeans.org/ns/editor-bookmarks/2" lastBookmarkId="0"/>
    <open-files xmlns="http://www.netbeans.org/ns/projectui-open-files/2">
        <group>
            <file>file:/C:/Users/radhi/Downloads/Tugas_Besar_IT-45-01/Tugas_Besar_IT-45-01/src/tugas_besar_it/pkg45/pkg01/AdminView.java</file>
            <file>file:/C:/Users/radhi/Downloads/Tugas_Besar_IT-45-01/Tugas_Besar_IT-45-01/src/tugas_besar_it/pkg45/pkg01/NilaiFrame.java</file>
            <file>file:/C:/Users/radhi/Downloads/Tugas_Besar_IT-45-01/Tugas_Besar_IT-45-01/src/tugas_besar_it/pkg45/pkg01/Matkul.java</file>
            <file>file:/C:/Users/radhi/Downloads/Tugas_Besar_IT-45-01/Tugas_Besar_IT-45-01/src/tugas_besar_it/pkg45/pkg01/MahasiswaView.java</file>
            <file>file:/C:/Users/radhi/Downloads/Tugas_Besar_IT-45-01/Tugas_Besar_IT-45-01/src/tugas_besar_it/pkg45/pkg01/Mahasiswa.java</file>
            <file>file:/C:/Users/radhi/Downloads/Tugas_Besar_IT-45-01/Tugas_Besar_IT-45-01/src/tugas_besar_it/pkg45/pkg01/Kuis.java</file>
            <file>file:/C:/Users/radhi/Downloads/Tugas_Besar_IT-45-01/Tugas_Besar_IT-45-01/src/Matkul.java</file>
            <file>file:/C:/Users/radhi/Downloads/Tugas_Besar_IT-45-01/Tugas_Besar_IT-45-01/src/tugas_besar_it/pkg45/pkg01/Login.java</file>
            <file>file:/C:/Users/radhi/Downloads/Tugas_Besar_IT-45-01/Tugas_Besar_IT-45-01/src/Database/Database.java</file>
            <file>file:/C:/Users/radhi/Downloads/Tugas_Besar_IT-45-01/Tugas_Besar_IT-45-01/src/tugas_besar_it/pkg45/pkg01/Dosen.java</file>
            <file>file:/C:/Users/radhi/Downloads/Tugas_Besar_IT-45-01/Tugas_Besar_IT-45-01/src/tugas_besar_it/pkg45/pkg01/Tugas_Besar_IT4501.java</file>
            <file>file:/C:/Users/radhi/Downloads/Tugas_Besar_IT-45-01/Tugas_Besar_IT-45-01/src/tugas_besar_it/pkg45/pkg01/DosenView.java</file>
        </group>
    </open-files>
</project-private>
